artist,song,ids,genre,acousticness,danceability,duration_ms,energy,instrumentalness,key,liveness,loudness,speechiness,tempo,mode,valence
Kate Bush,Running Up That Hill (A Deal With God),75FEaRjZTKLhTrFGsfMUXR,Rock,0.72,0.629,298933,0.547,0.00314,10,0.0604,-13.123,0.055,108.375,0,0.197
The Killers,Mr. Brightside,003vvx7Niy0yvhvHt4a68B,Rock,0.00121,0.352,222973,0.911,0,1,0.0995,-5.23,0.0747,148.033,1,0.236
Arctic Monkeys,505,0BxE4FqsDD1Ot4YuBXwAPp,Rock,0.00287,0.526,253587,0.866,7.78E-05,0,0.0945,-5.822,0.0568,140.266,1,0.248
Sam Fender,Seventeen Going Under,5rF6YUIlgiat22OT1lWspJ,Rock,0.00438,0.48,297933,0.87,0.00603,1,0.0826,-4.792,0.0362,161.953,1,0.584
George Ezra,Green Green Grass,3rk4aJ0vAj3cFUIQEeASkT,Rock,0.0695,0.685,167614,0.738,0,8,0.128,-4.413,0.0595,112.972,1,0.8
OneRepublic,I Ain't Worried,4h9wh7iOZ0GGn8QVp4RAOB,Rock,0.0826,0.704,148486,0.797,0.000745,0,0.0546,-5.927,0.0475,139.994,1,0.825
The Neighbourhood,Sweater Weather,0cQVqPuHQP4KEwc7ZUQmj6,Rock,0.0426,0.613,240427,0.808,0.0159,10,0.102,-2.851,0.0346,124.037,1,0.38
Vance Joy,Riptide,7yq4Qj7cqayVTp3FF9CWbm,Rock,0.431,0.484,204280,0.731,0,1,0.151,-6.694,0.0379,101.654,1,0.51
Declan McKenna,Brazil,4sNG6zQBmtq7M8aeeKJRMQ,Rock,0.0941,0.687,252307,0.617,1.27E-05,4,0.0898,-5.213,0.0287,121.079,1,0.665
Kings of Leon,Sex on Fire,5A1FmxbYVRZKy4nc16MAue,Rock,0.00172,0.542,203347,0.905,0.0104,9,0.136,-5.653,0.054,153.398,1,0.374
Arctic Monkeys,Do I Wanna Know?,5FVd6KXrgO9B3JPmC8OPst,Rock,0.186,0.548,272394,0.532,0.000263,5,0.217,-7.596,0.0323,85.03,1,0.405
Arctic Monkeys,Why'd You Only Call Me When You're High?,086myS9r57YsLbJpU0TgK9,Rock,0.0483,0.691,161124,0.631,1.13E-05,2,0.104,-6.478,0.0368,92.004,1,0.8
Fleetwood Mac,Dreams - 2004 Remaster,0ofHAoxe9vBkTCp2UQIavz,Rock,0.0644,0.828,257800,0.492,0.00428,0,0.128,-9.744,0.0276,120.151,1,0.789
The Kooks,Naive,7BHPGtpuuWWsvE7cCaMuEU,Rock,0.0759,0.391,203507,0.808,0,8,0.149,-6.209,0.0892,100.304,0,0.737
Panic! At The Disco,House of Memories,2DgdHcjWmO3qd50RzuBLgZ,Rock,0.00272,0.506,208707,0.817,0,11,0.0486,-5.051,0.0335,109.952,0,0.506
Stereophonics,Dakota,3qaSqrrevBrb84xl5JlptU,Rock,0.129,0.506,297427,0.93,0.00682,4,0.0931,-3.499,0.0675,146.994,1,0.305
Electric Light Orchestra,Mr. Blue Sky,2RlgNHKcydI9sayD2Df2xp,Rock,0.652,0.388,303373,0.338,3.73E-06,10,0.248,-10.054,0.0329,177.765,1,0.478
Bastille,Pompeii,4Ub8UsjWuewQrPhuepfVpd,Rock,0.0755,0.679,214148,0.715,0,9,0.271,-6.383,0.0407,127.435,1,0.571
Queen,Don't Stop Me Now - Remastered 2011,5T8EDUDqKcs6OSOwEsfqG7,Rock,0.0475,0.559,209413,0.868,0.000176,5,0.776,-5.276,0.17,156.295,1,0.609
The Kooks,She Moves In Her Own Way,5xoUgPXbMNUmoHU0Enwtwq,Rock,0.239,0.41,169307,0.803,0,7,0.103,-5.363,0.0623,153.315,1,0.814
George Ezra,Anyone For You (Tiger Lily),5iFQfP3AqVnHHS89LKQisL,Rock,0.293,0.662,187682,0.807,3.55E-06,10,0.189,-3.285,0.0411,103.031,1,0.772
Nirvana,Smells Like Teen Spirit,4CeeEOM32jQcH3eN9Q2dGj,Rock,2.55E-05,0.502,301920,0.912,0.000173,1,0.106,-4.556,0.0564,116.761,1,0.72
WALK THE MOON,Shut Up and Dance,4kbj5MwxO1bq9wjT5g9HaA,Rock,0.00701,0.578,199080,0.866,0,1,0.257,-3.804,0.0619,128.038,1,0.619
Fleetwood Mac,The Chain - 2004 Remaster,5e9TFTbltYBg2xThimr0rU,Rock,0.009,0.545,270213,0.67,0.000822,9,0.0451,-8.81,0.0496,151.553,1,0.481
Elton John,I'm Still Standing,1jDJFeK9x3OZboIAHsY9k2,Rock,0.356,0.504,183440,0.904,0.121,6,0.14,-6.863,0.179,176.808,1,0.772
Arctic Monkeys,Fluorescent Adolescent,2x8evxqUlF0eRabbW2JBJd,Rock,0.00146,0.654,183893,0.828,0.000144,1,0.122,-5.377,0.0281,112.056,0,0.79
Fleetwood Mac,Everywhere - 2017 Remaster,254bXAqt3zP6P50BdQvEsq,Rock,0.258,0.73,226653,0.487,0.01,4,0.0852,-10.991,0.0303,114.965,1,0.731
Imagine Dragons,Enemy (with JID) - from the series Arcane League of Legends,1r9xUipOqoNwggBpENDsvJ,Rock,0.237,0.728,173381,0.783,0,11,0.434,-4.424,0.266,77.011,0,0.555
The White Stripes,Seven Nation Army,3dPQuX8Gs42Y7b454ybpMR,Rock,0.0039,0.743,232107,0.446,0.118,4,0.337,-7.807,0.0683,123.596,0,0.278
TOTO,Africa,2374M0fQpWi3dLnB54qaLX,Rock,0.257,0.671,295893,0.373,8.01E-05,9,0.0481,-18.064,0.0323,92.718,1,0.732
The Fratellis,Chelsea Dagger,1bCmvezFg5MRcENzCGG1Cy,Rock,0.0491,0.511,215307,0.815,0,7,0.0826,-3.14,0.144,154.514,1,0.586
Bryan Adams,Summer Of '69,0GONea6G2XdnHWjNZd6zt3,Rock,0.0183,0.508,216053,0.834,0,2,0.0732,-6.205,0.0386,139.131,1,0.774
Imagine Dragons,Believer,0pqnGHJpmpxLKifKRmU6WP,Rock,0.0622,0.776,204347,0.78,0,10,0.081,-4.374,0.128,124.949,0,0.666
The Neighbourhood,Softcore,2K7xn816oNHJZ0aVqdQsha,Rock,0.0484,0.575,206280,0.568,0.000417,9,0.286,-5.509,0.03,93.986,0,0.37
Two Door Cinema Club,What You Know,4JHg4nNYUJQ5HULcCmI18R,Rock,0.000675,0.549,189693,0.754,6.24E-06,6,0.0912,-4.011,0.0407,139.052,0,0.828
Arctic Monkeys,I Bet You Look Good On The Dancefloor,3DQVgcqaP3iSMbaKsd57l5,Rock,0.00225,0.535,173680,0.948,0,6,0.376,-4.19,0.0356,103.183,0,0.778
OneRepublic,Counting Stars,2tpWsVSb9UEmDRxAl1zhX1,Rock,0.0654,0.664,257267,0.705,0,1,0.118,-4.972,0.0382,122.016,0,0.477
Arctic Monkeys,When The Sun Goes Down,2zzLRQ78kKfPTx8FJQCdC2,Rock,0.0341,0.348,202133,0.875,0,11,0.117,-4.758,0.199,169.152,0,0.407
The Beatles,Here Comes The Sun - Remastered 2009,6dGnYIeXmHdcikdzNNDMm2,Rock,0.0339,0.557,185733,0.54,0.00248,9,0.179,-10.484,0.0347,129.171,1,0.394
Tears For Fears,Everybody Wants To Rule The World,4RvWPyQ5RL0ao9LPZeSouE,Rock,0.347,0.645,251489,0.795,0.00389,7,0.104,-12.095,0.0527,112.067,1,0.535
Fleetwood Mac,Go Your Own Way - 2004 Remaster,07GvNcU1WdyZJq3XxP0kZa,Rock,0.0185,0.583,223613,0.947,0.00109,5,0.0679,-5.12,0.0378,135.448,1,0.803
Queen,Bohemian Rhapsody - Remastered 2011,4u7EnebtmKWzUH433cf5Qv,Rock,0.271,0.414,354320,0.404,0,0,0.3,-9.928,0.0499,71.105,0,0.224
Kings of Leon,Use Somebody,2TYC9SaRhYypUQzB1ZVTG2,Rock,0.00552,0.276,230760,0.715,0.000417,0,0.201,-5.356,0.0432,137.028,1,0.173
George Ezra,Shotgun,4ofwffwvvnbSkrMSCKQDaC,Rock,0.286,0.673,201287,0.735,0,5,0.242,-4.733,0.0457,115.744,1,0.754
Eagles,Hotel California - 2013 Remaster,40riOy7x9W7GXjyGp4pjAv,Rock,0.00574,0.579,391376,0.508,0.000494,2,0.0575,-9.484,0.027,147.125,1,0.609
Van Morrison,Brown Eyed Girl,3yrSvpt2l1xhsV9Em88Pul,Rock,0.185,0.491,183307,0.583,0,7,0.406,-10.964,0.0376,150.566,1,0.908
Snow Patrol,Chasing Cars,5GuZz08qie5efPtqsQFsdT,Rock,0.208,0.559,265507,0.603,3.71E-05,9,0.105,-4.594,0.0275,104.005,1,0.104
Toploader,Dancing in the Moonlight,3Fzlg5r1IjhLk2qRw667od,Rock,0.0624,0.632,232693,0.856,0,10,0.347,-3.463,0.0348,119.397,1,0.867
Elton John,"Rocket Man (I Think It's Going To Be A Long, Long Time)",3gdewACMIVMEWVbyb8O9sY,Rock,0.432,0.601,281613,0.532,6.25E-06,10,0.0925,-9.119,0.0286,136.571,1,0.341
Red Hot Chili Peppers,Can't Stop,3ZOEytgrvLwQaqXreDs2Jx,Rock,0.0179,0.618,269000,0.938,0,9,0.167,-3.442,0.0456,91.455,1,0.875
Tion Wayne,IFTK,7u3w4fQhulC1etJbdfmv3Q,Rap,0.0781,0.614,190685,0.82,8.18E-05,6,0.618,-4.32,0.226,146.235,0,0.739
Jack Harlow,First Class,1rDQ4oMwGJI7B4tovsBOxc,Rap,0.0254,0.905,173948,0.563,9.71E-06,8,0.113,-6.135,0.102,106.998,1,0.324
Drake,Jimmy Cooks (feat. 21 Savage),3F5CgOj3wFlRv51JsHbxhe,Rap,0.000307,0.529,218365,0.673,2.41E-06,0,0.093,-4.711,0.175,165.921,1,0.366
Future,WAIT FOR U (feat. Drake & Tems),59nOXPmaKlBfGMDeOVGrIK,Rap,0.314,0.463,189893,0.642,0,1,0.0686,-4.474,0.34,83.389,1,0.339
Drake,Massive,28JBD8p18xNuOfyV7Cotdn,Rap,0.114,0.499,336924,0.671,0.0169,4,0.148,-6.774,0.0561,124.994,0,0.0557
Drake,Sticky,4rmVZajAF7PkrCagGPHbqa,Rap,0.0917,0.853,243228,0.495,0.000217,6,0.0844,-14.63,0.14,137.027,1,0.0774
Drake,Falling Back,1vbn9fEyw1IYhqgZJdu9ZB,Rap,0.238,0.718,266179,0.758,0.00653,10,0.11,-8.29,0.0703,118.989,1,0.349
Drake,Texts Go Green,4FIgHqXd4KkOwxrGeLDYM2,Rap,0.000916,0.765,308820,0.627,0.195,0,0.0847,-4.607,0.0622,118.997,1,0.536
Post Malone,I Like You (A Happier Song) (with Doja Cat),0O6u0VJ46W86TxN9wgyqDj,Rap,0.121,0.733,192841,0.67,0,5,0.121,-6.009,0.0751,100.964,1,0.472
Drake,Calling My Name,7sT7kZEYd1MrmzLLIRVZas,Rap,0.62,0.826,129965,0.276,8.53E-05,11,0.118,-11.227,0.266,123.985,0,0.484
David Guetta,Crazy What Love Can Do,1WCEAGGRD066z2Q89ObXTq,Rap,0.0282,0.601,169756,0.713,0,4,0.158,-3.758,0.0449,122.872,0,0.464
Drake,A Keeper,0nAZGkBGKQCXyaoSJfRhC1,Rap,0.512,0.6,173097,0.482,0.000104,1,0.115,-11.596,0.0701,121.909,1,0.323
Jax Jones,Where Did You Go? (feat. MNEK),3sa06xVNmLLYIxdNNmVQN8,Rap,0.182,0.763,177689,0.782,7.08E-06,7,0.293,-4.541,0.0346,127.034,0,0.502
Drake,Currents,1eCFz60zd7mAXgWLapPd9B,Rap,0.104,0.883,157390,0.283,0.00167,0,0.0935,-12.653,0.113,122.013,1,0.416
Drake,Overdrive,7hRlTK3mgFTBEjX7DjqBsI,Rap,0.444,0.502,202451,0.645,0.00964,2,0.107,-10.611,0.122,109.739,0,0.518
Drake,Tie That Binds,1XsRwo2it6QHdV2OiT6IzF,Rap,0.0176,0.775,336005,0.688,0.0917,4,0.108,-10.912,0.0593,120.017,0,0.284
Drake,Liability,2vy9Ry1TNjCD85TiCbTz0r,Rap,0.268,0.557,237933,0.706,0,0,0.132,-6.592,0.0649,105.013,1,0.582
Calvin Harris,Potion (with Dua Lipa & Young Thug),7fYRg3CEbk6rNCuzNzMT06,Rap,0.158,0.824,214460,0.697,4.11E-05,11,0.077,-4.869,0.0473,99.988,0,0.757
Drake,Massive,0oiv4E896TUTTeQU0cmIui,Rap,0.114,0.499,336924,0.671,0.0169,4,0.148,-6.774,0.0561,124.994,0,0.0557
Drake,Texts Go Green,7a5fliY9SsZENrQWQBZron,Rap,0.000916,0.765,308820,0.627,0.195,0,0.0847,-4.607,0.0622,118.997,1,0.536
Drake,Sticky,0C6ShwHWvn4JyvcJc1LjbS,Rap,0.13,0.854,243228,0.492,0.00167,10,0.0846,-14.779,0.131,137.029,0,0.0735
Drake,Falling Back,5zyZM1EiSqrniyqtprwxpv,Rap,0.238,0.718,266179,0.758,0.00653,10,0.11,-8.29,0.0703,118.989,1,0.349
Drake,Jimmy Cooks (feat. 21 Savage),5LYsEBLHY4PwmK1MRic1mr,Rap,0.00028,0.551,218365,0.664,5.47E-06,0,0.093,-4.75,0.184,156.026,1,0.415
Post Malone,Cooped Up (with Roddy Ricch),7DwcBgdzqhFJltEaV1XF81,Rap,0.038,0.669,185857,0.773,0,0,0.113,-5.619,0.153,93.923,1,0.377
Drake,Down Hill,3N3d4OWbPVxTQVBFqNyykk,Rap,0.965,0.718,250865,0.319,0.00036,3,0.0895,-11.261,0.0435,109.994,1,0.639
Drake,A Keeper,5frM7XSby6Pj2Chs9gaKxj,Rap,0.507,0.606,173097,0.482,0.000111,6,0.115,-11.655,0.0737,121.918,1,0.34
Drake,Currents,7IaeavdRzXYQWfu2Wt5GlU,Rap,0.104,0.883,157390,0.283,0.00167,0,0.0935,-12.653,0.113,122.013,1,0.416
Drake,Calling My Name,1L3sTUdIBSNn0vjVgM6ZRp,Rap,0.684,0.848,129965,0.259,0.000201,5,0.116,-11.241,0.246,123.928,0,0.429
Drake,Overdrive,1MJHXJ8bdoynpEtCLCbkWf,Rap,0.444,0.502,202451,0.645,0.00964,2,0.107,-10.611,0.122,109.739,0,0.518
Drake,Tie That Binds,5KW4KhJIAbVVSH6pJ4GPkb,Rap,0.0176,0.775,336005,0.688,0.0917,4,0.108,-10.912,0.0593,120.017,0,0.284
Drake,Liability,3AIhQTy1mehlOWJsurJ7PB,Rap,0.229,0.533,237933,0.706,0,0,0.132,-6.614,0.0673,104.982,1,0.58
Drake,One Dance,1zi7xx7UVEFkmKfv06H8x0,Rap,0.00776,0.792,173987,0.625,0.0018,1,0.329,-5.609,0.0536,103.967,1,0.37
Kanye West,True Love,06JvOZ39sK8D8SqiqfaxDU,Rap,0.0182,0.712,148571,0.861,6.09E-06,5,0.511,-5.487,0.25,84.042,0,0.388
Drake,Down Hill,0PKpNkxX3FkcfgxCQUXXds,Rap,0.965,0.718,250865,0.319,0.00036,3,0.0895,-11.261,0.0435,109.994,1,0.639
Kanye West,Bound 2,3sNVsP50132BTNlImLx70i,Rap,0.145,0.367,229147,0.665,0,1,0.113,-2.821,0.0465,148.913,1,0.31
Calvin Harris,One Kiss (with Dua Lipa),7ef4DlsgrMEH11cDZd32M6,Rap,0.037,0.791,214847,0.862,2.19E-05,9,0.0814,-3.24,0.11,123.994,0,0.592
J. Cole,No Role Modelz,68Dni7IE4VyPkTOH9mRWHr,Rap,0.324,0.69,292799,0.521,0,10,0.0534,-8.492,0.339,100.028,0,0.494
Lil Tjay,In My Head,1HvTxgCj0mTzQlEo0zLvFb,Rap,0.159,0.684,135264,0.545,0,1,0.102,-6.885,0.121,143.049,1,0.407
50 Cent,In Da Club,7iL6o9tox1zgHpKUfh9vuC,Rap,0.255,0.899,193467,0.713,0,6,0.0708,-2.752,0.366,90.051,0,0.777
Jack Harlow,Churchill Downs (feat. Drake),3EMp20j5E42MxfFbsEsIvD,Rap,0.615,0.71,309327,0.522,0,11,0.11,-9.102,0.36,96.448,1,0.37
Eminem,The Real Slim Shady,3yfqSUWxFvZELEM4PmlwIR,Rap,0.0302,0.949,284200,0.661,0,5,0.0454,-4.244,0.0572,104.504,0,0.76
XXXTENTACION,Revenge,5TXDeTFVRVY7Cvt0Dw4vWW,Rap,0.782,0.746,120027,0.251,0.00203,11,0.106,-16.169,0.259,139.999,0,0.18
Eminem,Without Me,7lQ8MOhq6IN2w8EYcFNSUk,Rap,0.00286,0.908,290320,0.669,0,7,0.237,-2.827,0.0738,112.238,1,0.662
Coolio,Gangsta's Paradise,1DIXPcTDzTj8ZMHt3PDt8p,Rap,0.0655,0.647,240693,0.514,0,8,0.398,-10.05,0.0593,79.975,1,0.386
Dr. Dre,Still D.R.E.,503OTo2dSqe7qk76rgsbep,Rap,0.16,0.816,270587,0.775,0.00031,11,0.0543,-3.323,0.234,93.431,1,0.527
Drake,Fair Trade (with Travis Scott),40iJIUlhi6renaREYGeIDS,Rap,0.0503,0.666,291175,0.465,0,1,0.215,-8.545,0.26,167.937,1,0.292
Sleepy Hallow,Die Young (feat. 347aidan),6EbVuwU7EnKeF2hdpViXCH,Rap,0.827,0.808,148817,0.582,0,11,0.111,-6.26,0.338,77.471,1,0.675
Kanye West,All Falls Down,5SkRLpaGtvYPhw02vZhQQ9,Rap,0.149,0.657,223507,0.734,0,8,0.139,-4.832,0.484,91.03,0,0.434
Tyga,Freaky Deaky,3vySEUpD0tc801F2WZDLYw,Rap,0.019,0.799,215281,0.653,0,2,0.0935,-5.453,0.037,104.019,0,0.236
Drake,Passionfruit,5mCPDVBb16L4XQwDdbRUpz,Rap,0.256,0.809,298941,0.463,0.085,11,0.109,-11.377,0.0396,111.98,1,0.364
Dolly Parton,9 to 5,4w3tQBXhn5345eUXDGBWZG,Country,0.416,0.554,162467,0.783,1.54E-06,6,0.631,-5.852,0.0457,105.39,1,0.813
Carrie Underwood,Before He Cheats,0ZUo4YjG4saFnEJhdWp9Bt,Country,0.271,0.519,199947,0.749,0,6,0.119,-3.318,0.0405,147.905,0,0.29
Shania Twain,Man! I Feel Like A Woman!,6sxptembJVty4sNtcPMAVz,Country,0.581,0.657,234493,0.639,0,10,0.278,-7.527,0.0412,124.882,1,0.674
Dolly Parton,Islands In the Stream,6dnco8haegnJYtylV26cBq,Country,0.675,0.617,251960,0.411,1.04E-06,8,0.0886,-12.075,0.0373,203.934,1,0.738
Eagles,Hotel California - 2013 Remaster,40riOy7x9W7GXjyGp4pjAv,Country,0.00574,0.579,391376,0.508,0.000494,2,0.0575,-9.484,0.027,147.125,1,0.609
Lynyrd Skynyrd,Sweet Home Alabama,7e89621JPkKaeDSTQ3avtg,Country,0.181,0.596,283800,0.605,0.000331,7,0.0863,-12.145,0.0255,97.798,1,0.886
Rascal Flatts,Life is a Highway,2Fs18NaCDuluPG1DHGw1XG,Country,0.00324,0.582,276320,0.952,0,5,0.223,-3.848,0.0731,103.027,1,0.655
Creedence Clearwater Revival,Fortunate Son,4BP3uh0hFLFRb5cjsgLqDh,Country,0.201,0.64,140773,0.663,0.00806,0,0.152,-7.516,0.0374,132.77,1,0.663
Kenny Rogers,The Gambler,5KqldkCunQ2rWxruMEtGh0,Country,0.342,0.671,214880,0.501,0,4,0.194,-13.119,0.0594,87.04,1,0.86
Chris Stapleton,Tennessee Whiskey,3fqwjXwUGN6vbzIwvyFMhx,Country,0.205,0.392,293293,0.37,0.0096,9,0.0821,-10.888,0.0298,48.718,1,0.512
Lady A,Need You Now,7GAaTpSoTWUTbP2Yxlt4Hd,Country,0.0298,0.581,236440,0.717,0.000186,4,0.243,-4.433,0.0318,107.884,1,0.316
Shania Twain,You're Still The One,1wb4P4F0sxAQ2KXrRvsx6n,Country,0.363,0.585,212200,0.494,0,3,0.0886,-8.751,0.0353,133.822,1,0.634
Dolly Parton,Jolene,2SpEHTbUuebeLkgs9QB7Ue,Country,0.566,0.674,161533,0.537,0,1,0.131,-10.971,0.0363,110.578,0,0.809
Shania Twain,That Don't Impress Me Much,4I7DV3MIgxJGlObiy9s6nx,Country,0.14,0.743,238707,0.873,0,10,0.142,-4.943,0.0507,125.005,0,0.965
Creedence Clearwater Revival,Bad Moon Rising,20OFwXhEXf12DzwXmaV7fj,Country,0.0586,0.508,141600,0.774,4.87E-06,2,0.063,-5.973,0.0321,178.946,1,0.942
Don Henley,The Boys Of Summer,4gvea7UlDkAvsJBPZAd4oB,Country,0.501,0.516,288733,0.549,0.00572,6,0.184,-13.741,0.0373,176.941,1,0.907
Boston,More Than a Feeling,1QEEqeFIZktqIpPI4jSVSF,Country,0.00088,0.377,285133,0.681,0.0023,7,0.0504,-8.039,0.0298,108.789,1,0.285
Creedence Clearwater Revival,Have You Ever Seen The Rain,2LawezPeJhN4AWuSB0GtAU,Country,0.0664,0.741,160133,0.697,2.28E-05,0,0.133,-7.028,0.0277,116.109,1,0.774
Luke Combs,Forever After All,6IBcOGPsniK3Pso1wHIhew,Country,0.191,0.487,232533,0.65,0,0,0.0933,-5.195,0.0253,151.964,1,0.456
Johnny Cash,Hurt,28cnXtME493VX9NOw9cIUh,Country,0.649,0.534,216533,0.392,0.000227,9,0.0948,-7.636,0.0267,90.379,0,0.163
Darius Rucker,Wagon Wheel,3xdjjKMcMOFgo1eQrfbogM,Country,0.455,0.537,298373,0.66,0,9,0.135,-7.174,0.0296,148.096,1,0.574
Luke Combs,When It Rains It Pours,1mMLMZYXkMueg65jRRWG1l,Country,0.013,0.551,240760,0.801,6.03E-06,6,0.265,-5.069,0.0303,128.027,1,0.625
Eagles,Take It Easy - 2013 Remaster,4yugZvBYaoREkJKtbG08Qr,Country,0.343,0.575,211578,0.67,4.95E-06,7,0.129,-10.39,0.0318,139.191,1,0.74
Rascal Flatts,Life is a Highway,5gB2IrxOCX2j9bMnHKP38i,Country,0.00211,0.562,275640,0.934,0,5,0.199,-5.562,0.0607,103.042,1,0.558
Luke Combs,The Kind of Love We Make,28n8z9IQKyjMPxmvYMBqZa,Country,0.0226,0.608,224427,0.745,6.47E-06,1,0.0942,-4.13,0.0277,102.025,1,0.464
Luke Combs,Beautiful Crazy,2rxQMGVafnNaRaXlRMWPde,Country,0.676,0.551,193200,0.402,0,11,0.0928,-7.431,0.0262,103.313,1,0.382
Uncle Kracker,Follow Me,4KoecuyOpZaNFZ0UqVsllc,Country,0.439,0.817,218440,0.585,0,5,0.147,-4.688,0.0301,105.014,1,0.916
The Bellamy Brothers,Let Your Love Flow,064SVQsmWl5EF0zahmzkQk,Country,0.0611,0.679,198760,0.553,7.16E-06,3,0.139,-14.687,0.0316,109.071,1,0.946
The Monkees,I'm a Believer - 2006 Remaster,3G7tRC24Uh09Hmp1KZ7LQ2,Country,0.707,0.526,167373,0.775,2.05E-05,0,0.217,-6.05,0.0352,80.106,1,0.962
Walker Hayes,Fancy Like,58UKC45GPNTflCN6nwCUeF,Country,0.111,0.647,161853,0.765,0,1,0.315,-6.459,0.06,79.994,1,0.855
Dolly Parton,Jolene,5fdhThPDe6jQQDqCyWrdAn,Country,0.566,0.674,161533,0.537,0,1,0.131,-10.971,0.0363,110.578,0,0.809
Derek & The Dominos,Layla,2kkvB3RNRzwjFdGhaUA0tz,Country,0.577,0.404,423840,0.902,0.297,1,0.287,-3.88,0.0665,115.669,1,0.497
Carly Simon,You're so Vain,2DnJjbjNTV9Nd5NOa1KGba,Country,0.157,0.659,258411,0.678,6.69E-06,0,0.0784,-8.18,0.0313,106.186,1,0.647
John Denver,"Take Me Home, Country Roads",1QbOvACeYanja5pbnJbAmk,Country,0.546,0.38,197813,0.43,1.71E-05,9,0.188,-12.564,0.0288,82.204,1,0.547
The Monkees,Daydream Believer,7uEcCGtM1FBBGIhPozhJjv,Country,0.256,0.51,179613,0.488,0,7,0.11,-10.304,0.0304,125.683,1,0.649
Buffalo Springfield,For What It's Worth,1qRA5BS78u3gME0loMl9AA,Country,0.406,0.653,153693,0.519,0.0209,2,0.101,-10.164,0.0497,98.883,1,0.822
Luke Combs,Doin' This,4GyD3o5hWoyCuYpdlzZlRL,Country,0.18,0.593,254181,0.552,1.71E-05,1,0.11,-5.838,0.028,115,1,0.39
Lynyrd Skynyrd,Free Bird,5EWPGh7jbTNO2wakv8LjUI,Country,0.0738,0.249,547107,0.834,9.48E-05,0,0.0924,-8.21,0.0577,118.223,1,0.338
Zac Brown Band,Chicken Fried,0LQtEJt7x0s6knb6RKdRYc,Country,0.645,0.566,238147,0.713,0,6,0.114,-4.25,0.0418,169.861,1,0.805
Dan + Shay,"10,000 Hours (with Justin Bieber)",2wrJq5XKLnmhRXHIAf9xBa,Country,0.153,0.654,167693,0.63,0,10,0.111,-4.644,0.0259,89.991,1,0.43
LeAnn Rimes,Can't Fight The Moonlight,2AogRMqARWyUP7VQ3gmSoY,Country,0.403,0.628,215507,0.834,0,6,0.051,-6.341,0.0497,97.865,0,0.626
Dolly Parton,Here You Come Again,6H7nDglS6xWpRidbhMwI2L,Country,0.647,0.585,179491,0.511,0.007,1,0.0392,-9.37,0.0391,105.898,1,0.552
Johnny Cash,Ring of Fire,6YffUZJ2R06kyxyK6onezL,Country,0.623,0.659,158427,0.585,0.000213,7,0.348,-8.189,0.0288,104.111,1,0.784
Gabby Barrett,I Hope,23T0OX7QOiIUFShSzbJ5Uo,Country,0.0951,0.466,210773,0.536,0,6,0.114,-6.227,0.0429,75.998,1,0.377
America,A Horse with No Name,54eZmuggBFJbV7k248bTTt,Country,0.686,0.654,252240,0.506,0.0155,11,0.155,-17.18,0.0535,123.179,0,0.831
The Band Perry,If I Die Young,4aY0tZIaboefmkBEsjAovI,Country,0.348,0.606,222773,0.497,0,4,0.275,-6.611,0.0277,130.739,1,0.362
Free,All Right Now,1gcESexgftSuLuML57Y69q,Country,0.221,0.787,330643,0.472,0.000336,2,0.153,-12.824,0.0832,120.059,1,0.824
Jordan Davis,Buy Dirt,69AIpwGNLxr4qS1X5ynx60,Country,0.639,0.586,167480,0.559,0,4,0.0872,-6.725,0.05,177.945,1,0.437
Luke Combs,Beer Never Broke My Heart,7aEtlGHoiPAfRB084NiDmx,Country,0.0139,0.538,186733,0.863,0,1,0.0874,-4.483,0.0481,77.001,1,0.637
Morgan Wade,Wilder Days,0uh9R0s1I3HIZGiA25QReI,Country,0.00322,0.502,251293,0.662,0.00274,9,0.119,-4.041,0.0293,110.917,1,0.4
Ludovico Einaudi,Experience,1BncfTJAWxrsxyT9culBrj,Classical,0.934,0.447,315427,0.449,0.961,2,0.0697,-10.634,0.0376,92.468,1,0.036
Ludovico Einaudi,Nuvole Bianche,3weNRklVDqb4Rr5MhKBR3D,Classical,0.961,0.191,357707,0.0582,0.89,8,0.0941,-25.398,0.0578,132.614,1,0.0454
Ludovico Einaudi,Divenire - Reimagined by Mercan Dede & Kora,6hX4lTpGKrxvyFy2HKVJT6,Classical,0.722,0.561,438286,0.354,0.907,4,0.0777,-15.459,0.0298,105.004,0,0.214
Ludovico Einaudi,Uno - Reimagined by Mercan Dede,1Ol4x0QfhXo9md7qBmDi5E,Classical,0.708,0.636,396000,0.393,0.851,11,0.0692,-17.822,0.0732,99.988,0,0.0577
Ludovico Einaudi,Divenire feat. Alp Akmaz - Reimagined by Mercan Dede & Kora,7AFQXFCqeQBd1MKENd6FIs,Classical,0.722,0.561,438286,0.354,0.907,4,0.0777,-15.459,0.0298,105.004,0,0.214
Ludovico Einaudi,Uno - Reimagined by Mercan Dede,6y4R6E6rpNpdBAfVRutT4t,Classical,0.708,0.636,396000,0.393,0.851,11,0.0692,-17.822,0.0732,99.988,0,0.0577
Ludovico Einaudi,Time Lapse,6ZAvXjV9YwQvp7o0OHjlPW,Classical,0.959,0.602,327293,0.299,0.833,5,0.0815,-17.161,0.0416,125.016,0,0.177
Ludovico Einaudi,Laissez Moi En Paix,5yEgrOquulVc1uui9r3oSn,Classical,0.975,0.307,242533,0.213,0.774,5,0.112,-20.581,0.0366,99.361,1,0.353
Ludovico Einaudi,Almost June,5DcGvRjZioIst4zJcNIKf0,Classical,0.985,0.355,173576,0.00708,0.961,10,0.0903,-33.07,0.0504,63.731,1,0.16
Ludovico Einaudi,Wind Song,5nJCibrdSlrMUeAiUG4ZC3,Classical,0.986,0.339,198650,0.00572,0.923,11,0.103,-32.309,0.0378,72.7,0,0.0616
Ludovico Einaudi,Seven Days Walking / Day 1: Ascent,4k8Tbvzwkrouy6epg81QyZ,Classical,0.989,0.232,337372,0.0592,0.941,7,0.0906,-23.594,0.0442,90.083,1,0.102
Stephan Moccio,Fracture,2m2GJpBjQNNphaCgBeoj7R,Classical,0.99,0.324,207640,0.0186,0.934,2,0.105,-28.248,0.0476,85.297,1,0.126
Erik Satie,Gymnopédie No. 1,5NGtFXVpXSvwunEIGeviY3,Classical,0.994,0.468,205867,0.0127,0.937,7,0.094,-36.856,0.123,72.776,1,0.356
DragonForce,Through The Fire And Flames,2eB7JqIY4hTTSz31h6bjwR,Classical,0.00152,0.153,439120,0.953,0.0062,0,0.366,-4.74,0.122,199.892,0,0.14
Camille Saint-Saëns,"The Carnival of the Animals, R. 125: XIII. The Swan (Arr. for Cello and Piano)",0jOnZhF75V68VsBObWx2XO,Classical,0.986,0.169,174267,0.0161,0.86,9,0.0805,-31.034,0.0442,128.143,0,0.0573
Johann Sebastian Bach,"Cello Suite No. 1 in G Major, BWV 1007: I. Prélude",17i5jLpzndlQhbS4SrTd0B,Classical,0.89,0.275,152280,0.157,0.842,7,0.186,-18.752,0.0636,73.289,1,0.304
Claude Debussy,"Suite bergamasque, L. 75: III. Clair de lune",1cmigB9I6IRpFqjIbzvSQB,Classical,0.993,0.335,294960,0.00501,0.919,1,0.0618,-33.366,0.0451,132.085,1,0.0383
Claude Debussy,"Clair de Lune, L. 32",5u5aVJKjSMJr4zesMPz7bL,Classical,0.994,0.335,268000,0.00532,0.912,1,0.0621,-31.646,0.0376,65.832,1,0.0397
Ludwig van Beethoven,"Sonata No. 14 ""Moonlight"" in C-Sharp Minor"", Op. 27 No. 2: I. Adagio sostenuto",3DNRdudZ2SstnDCVKFdXxG,Classical,0.995,0.184,315427,0.00527,0.887,1,0.173,-37.264,0.0432,170.612,0,0.151
Ludovico Einaudi,Una Mattina,0Dkibk70FDp6t7eOZNemNQ,Classical,0.991,0.231,203800,0.0297,0.878,2,0.0742,-31.544,0.0579,131.413,1,0.07
Ludovico Einaudi,I Giorni,0VLascXUZ2Ze2u5kUD5J1f,Classical,0.992,0.277,411080,0.0314,0.943,2,0.0712,-30.21,0.0545,131.571,1,0.0495
Yiruma,River Flows in You,3xr8COed4nPPn6XWZ0iCGr,Classical,0.968,0.287,218293,0.292,0.978,9,0.09,-19.285,0.0541,145.703,1,0.346
Erik Satie,Satie / Orch. Ducros: Gymnopédie No. 1,3JdD9wqvohYMjK6BmEHtTP,Classical,0.942,0.0921,172120,0.0183,0.94,7,0.195,-31.858,0.0513,166.979,1,0.039
Ólafur Arnalds,saman,5RqKo9P4DLA0bVyY70cWkr,Classical,0.994,0.583,131923,0.0238,0.847,0,0.103,-32.244,0.0369,108.74,0,0.426
Ludovico Einaudi,Natural Light,2zM7Ato6xDOi8ten4qn7Cm,Classical,0.992,0.218,335542,0.00352,0.951,1,0.139,-39.627,0.0515,68.61,1,0.192
Ludwig van Beethoven,"Piano Sonata No. 20 In G Major, Op. 49, No. 2: 2. Tempo di Menuetto",2BIAaQl2hgvfP9BQLjuSjC,Classical,0.994,0.367,224627,0.0186,0.908,7,0.12,-29.846,0.0431,100.215,1,0.363
Ludwig van Beethoven,"Piano Sonata No. 20 In G Major, Op. 49, No. 2: 1. Allegro ma non troppo",3d0uwJEq59zGdG0IZRb5Rj,Classical,0.992,0.322,284507,0.0612,0.905,2,0.135,-27.726,0.0402,144.388,1,0.684
Ludwig van Beethoven,"Piano Sonata No. 18 In E Flat Major, Op. 31, No. 3 -""The Hunt"": 3. Menuetto (Moderato e grazioso)",0NkAS1NcUKF5naZ1VQpLEi,Classical,0.995,0.429,268067,0.00731,0.897,3,0.105,-31.29,0.0549,82.226,1,0.305
Ludwig van Beethoven,"Piano Sonata No. 18 In E Flat Major, Op. 31, No. 3 -""The Hunt"": 2. Scherzo (Allegretto vivace)",21RgYFGUKGPnFNIqusE3gw,Classical,0.994,0.465,319867,0.0591,0.904,8,0.106,-33.137,0.0538,101.96,1,0.329
Ludwig van Beethoven,"Piano Sonata No. 19 In G Minor, Op. 49, No. 1: 2. Rondo (Allegro)",4aA6Cj1FUx05SkVFbmZ5qS,Classical,0.994,0.323,194200,0.124,0.903,7,0.096,-26.86,0.0475,168.408,1,0.513
Ludwig van Beethoven,"Piano Sonata No. 19 In G Minor, Op. 49, No. 1: 1. Andante",5yu9WL14e7jLzaLKraRabw,Classical,0.994,0.345,285440,0.0301,0.949,7,0.108,-33.091,0.0472,128.729,0,0.225
Ludwig van Beethoven,"Piano Sonata No.21 In C, Op.53 -""Waldstein"": 2. Introduzione (Adagio molto)",0OPDYfHmtEucbRfhxQOXeV,Classical,0.992,0.484,278867,0.0012,0.882,0,0.0686,-37.05,0.0701,131.975,1,0.121
Ludwig van Beethoven,"Piano Sonata No. 18 In E Flat Major, Op. 31, No. 3 -""The Hunt"": 4. Presto con fuoco",134l6YJP81eHy4azHnRY5Z,Classical,0.988,0.373,281267,0.112,0.888,3,0.137,-23.295,0.0413,94.219,1,0.171
Gabriel Fauré,"Dolly, Op. 56: 1. Berceuse",3NbAsIxDL0fVgNuCLD152P,Classical,0.995,0.37,176518,0.0076,0.91,4,0.0864,-33.663,0.0384,62.668,1,0.278
Andrea Bocelli,Con te partirò,7zrpoAJte9o12TzawqgdD0,Classical,0.844,0.241,250984,0.367,0.00279,7,0.0873,-7.95,0.0311,135.267,1,0.302
Johann Sebastian Bach,"Suite in G Minor for Lute, BWV 995: IV. Sarabande",36tKuJx3gGSx3o62ByKn5j,Classical,0.995,0.591,182000,0.0448,0.928,7,0.104,-24.362,0.123,88.895,0,0.479
Ludovico Einaudi,Atoms,56gyCwmEPBX8u7y7JBMSxG,Classical,0.995,0.338,183955,0.00384,0.954,6,0.112,-40.558,0.0657,68.921,0,0.159
Ludovico Einaudi,Divenire,5XpKiGvXha5cixBcVIPr0S,Classical,0.966,0.269,424200,0.0926,0.89,9,0.0992,-24.28,0.0609,120.323,0,0.102
Ludovico Einaudi,Due Tramonti - Remastered 2020,7bsdbuV9EMp6hwNVWGBKHK,Classical,0.969,0.112,295253,0.106,0.917,2,0.114,-18.242,0.0438,175.324,1,0.0647
Ludovico Einaudi,Uno,4s3n0FOkrsjQzpQ7FIPftv,Classical,0.996,0.526,205170,0.00627,0.944,0,0.0675,-28.828,0.0428,90.06,1,0.0373
Ludovico Einaudi,Seven Days Walking / Day 1: A Sense of Symmetry,6MCb8U3Diq0AYYBVCABVuM,Classical,0.937,0.276,155066,0.0269,0.889,9,0.112,-28.079,0.0383,137.045,0,0.0586
Ludovico Einaudi,Full Moon (Arr. Lewin for Guitar),6zXb7M5dP62UIo3ptqeyo4,Classical,0.976,0.37,219040,0.00815,0.899,8,0.111,-32.86,0.0394,97.69,1,0.0689
Ludovico Einaudi,Atoms,48A8Uvxv3Y26jpRTdoP8Il,Classical,0.995,0.338,183955,0.00384,0.954,6,0.112,-40.558,0.0657,68.921,0,0.159
Ludovico Einaudi,Run,5McpAgIsCkETyMNAEsc2XB,Classical,0.989,0.534,347297,0.185,0.884,11,0.117,-22.483,0.0522,120.138,0,0.0613
Ludovico Einaudi,Seven Days Walking / Day 7: Ascent,2Md5FvQLMvJIDTHibD5zWC,Classical,0.935,0.373,324620,0.0714,0.964,4,0.111,-22.732,0.0338,101.283,0,0.0663
Ludovico Einaudi,The Earth Prelude,6KFoFhnMSAdlU9DL2r65il,Classical,0.989,0.237,301349,0.035,0.948,7,0.0699,-20.233,0.0423,80.465,1,0.0447
Ludovico Einaudi,La Profondità Del Buio,6lEYXv0uUX3pENfQRFPfq3,Classical,0.995,0.388,243326,0.00996,0.939,9,0.0983,-32.648,0.0584,68.026,0,0.178
Ludovico Einaudi,Le Onde,6PUjrkB7DJ6rET7ev6ZFhB,Classical,0.993,0.32,336360,0.131,0.912,2,0.0955,-26.78,0.0507,117.825,1,0.0724
Ludovico Einaudi,Indaco,3mA1LW0vAiScQ3PHJ4HXcD,Classical,0.969,0.146,321627,0.102,0.927,4,0.0983,-19.141,0.043,69.796,0,0.0371
Ludovico Einaudi,Onde Corte,3yLDHks4kDIkZC3yQDCwX6,Classical,0.994,0.302,200431,0.0326,0.838,9,0.106,-29.023,0.0406,79.976,1,0.147
Lost Frequencies,Where Are You Now,3uUuGVFu1V7jTQL60S1r8z,EDM,0.515,0.671,148197,0.636,0.000411,6,0.172,-8.117,0.103,120.966,0,0.262
David Guetta,Crazy What Love Can Do,1WCEAGGRD066z2Q89ObXTq,EDM,0.0282,0.601,169756,0.713,0,4,0.158,-3.758,0.0449,122.872,0,0.464
Jax Jones,Where Did You Go? (feat. MNEK),3sa06xVNmLLYIxdNNmVQN8,EDM,0.182,0.763,177689,0.782,7.08E-06,7,0.293,-4.541,0.0346,127.034,0,0.502
Calvin Harris,Potion (with Dua Lipa & Young Thug),7fYRg3CEbk6rNCuzNzMT06,EDM,0.158,0.824,214460,0.697,4.11E-05,11,0.077,-4.869,0.0473,99.988,0,0.757
Tiësto,The Motto,18asYwWugKjjsihZ0YvRxO,EDM,0.0301,0.754,164819,0.763,2.23E-05,7,0.0901,-4.627,0.0435,117.953,0,0.464
Calvin Harris,One Kiss (with Dua Lipa),7ef4DlsgrMEH11cDZd32M6,EDM,0.037,0.791,214847,0.862,2.19E-05,9,0.0814,-3.24,0.11,123.994,0,0.592
Joel Corry,What Would You Do?,1D2ZNECRd7KIlA4pyOUGsv,EDM,0.149,0.687,174215,0.895,0.00592,9,0.121,-2.983,0.0474,124.041,1,0.686
D.O.D,Still Sleepless,4vyG9ZhHT8MKJE5mTICMFC,EDM,0.0156,0.628,162879,0.738,0.281,6,0.153,-5.045,0.0367,125.928,0,0.699
Joel Corry,Head & Heart (feat. MNEK),6cx06DFPPHchuUAcTxznu9,EDM,0.168,0.734,166028,0.874,1.14E-05,8,0.0489,-3.158,0.0662,122.953,1,0.905
Sigala,Stay the Night,4qtdkdTY1t3RmlmSbWykzR,EDM,0.177,0.636,171955,0.936,0,7,0.0879,-2.65,0.0729,124.034,0,0.415
Jonasu,Black Magic,7zx1i0jGcFwMBurajgKlO7,EDM,0.0564,0.812,174194,0.634,0,8,0.276,-4.96,0.163,124.074,1,0.463
Galantis,Heartbreak Anthem (with David Guetta & Little Mix),5K6Ssv4Z3zRvxt0P6EKUAP,EDM,0.216,0.595,183726,0.784,0,1,0.0608,-4.878,0.102,124.111,1,0.479
Avicii,Wake Me Up,0nrRP2bk19rLc0orkWPQk2,EDM,0.0038,0.532,247427,0.783,0.0012,2,0.161,-5.697,0.0523,124.08,1,0.643
Sigala,Melody,6Owc2SuzwO3LW1SAODYK3l,EDM,0.0231,0.63,167142,0.91,1.91E-06,10,0.125,-2.681,0.058,123.017,0,0.525
Calvin Harris,Summer,6YUTL4dYpB9xZO5qExPf05,EDM,0.0211,0.596,222533,0.856,0.0178,4,0.141,-3.556,0.0346,127.949,0,0.743
Karen Harding,Say Something - Zac Samuel Remix,5QifrqmnjHzdOuBAheeeNU,EDM,0.0121,0.701,213135,0.667,6.53E-06,7,0.148,-6.177,0.0361,119.975,1,0.675
Joel Corry,OUT OUT (feat. Charli XCX & Saweetie),6Dy1jexKYriXAVG6evyUTJ,EDM,0.018,0.787,162604,0.833,0.00747,8,0.0374,-4.403,0.0478,123.97,1,0.796
Avicii,The Nights,0ct6r3EGTcMLPtrXHDvVjc,EDM,0.0166,0.527,176658,0.835,0,6,0.249,-5.298,0.0433,125.983,1,0.654
Calvin Harris,Feel So Close - Radio Edit,1gihuPhrLraKYrJMAEONyc,EDM,0.000972,0.707,206413,0.924,0.00703,7,0.204,-2.842,0.031,127.937,1,0.919
Kungs,This Girl (Kungs Vs. Cookin' On 3 Burners),1A8j067qyiNwQnZT0bzUpZ,EDM,0.0927,0.792,195547,0.717,3.59E-05,0,0.226,-4.759,0.0393,121.985,0,0.466
Riton,Friday (feat. Mufasa & Hypeman) - Dopamine Re-Edit,4cG7HUWYHBV6R6tHn1gxrl,EDM,0.0076,0.824,169153,0.862,0.000132,2,0.303,-3.424,0.126,122.98,1,0.801
Joel Corry,I Wish (feat. Mabel),0YORgvqP1MotwCnDZzOwII,EDM,0.0896,0.686,181728,0.856,0,9,0.0648,-2.717,0.0426,123.997,0,0.733
Regard,Ride It,2tnVG71enUj33Ic2nFN6kZ,EDM,0.177,0.88,157606,0.751,6.43E-05,7,0.106,-4.258,0.0874,117.948,0,0.884
James Hype,Ferrari,4zN21mbAuaD0WqtmaTZZeP,EDM,0.0127,0.847,186662,0.69,6.00E-05,1,0.0526,-7.877,0.0493,125.004,0,0.692
Disclosure,Waterfall,72EaWichAXl7tTulGwxCKO,EDM,0.0212,0.691,232120,0.733,5.61E-05,11,0.0894,-6.887,0.0572,128.038,0,0.834
Joel Corry,BED,0siYMEsGrzzzlWLXK5zJfS,EDM,0.0142,0.671,178088,0.782,0.00221,6,0.333,-4.593,0.0341,123.989,1,0.618
Tiësto,The Business,6f3Slt0GbA2bPZlz0aIFXN,EDM,0.414,0.798,164000,0.62,0.0192,8,0.112,-7.079,0.232,120.031,0,0.235
Becky Hill,Remember,4laAKIq9ZxBCwf99rauPYb,EDM,0.041,0.612,160766,0.862,0,8,0.0907,-2.903,0.037,123.849,1,0.354
Swedish House Mafia,Heaven Takes You Home (feat. Connie Constance),3nEHrvNNtgLv9rneTAYVr4,EDM,0.0124,0.665,214071,0.738,0.00598,0,0.0923,-5.931,0.0379,125.037,0,0.0389
Noizu,Summer 91 (Looking Back),4FEcEwbE2vsqhxbTPtiNTL,EDM,0.0159,0.509,180000,0.953,3.30E-05,11,0.28,-4.954,0.0414,125.015,0,0.406
Diplo,Don’t Forget My Love,1kpTK8SWlA1lGkorVaxp3S,EDM,0.0237,0.639,199091,0.873,0.0143,2,0.119,-6.222,0.0408,121.031,1,0.258
Disclosure,Latch,51ODNNDZm21HU7wI7cccRr,EDM,0.0159,0.503,255632,0.727,9.45E-05,1,0.0895,-5.456,0.167,121.985,1,0.521
Marshmello,Happier,2dpaYNEQHiRxtZbfNsse99,EDM,0.191,0.687,214290,0.792,0,5,0.167,-2.749,0.0452,100.015,1,0.671
MEDUZA,Paradise (feat. Dermot Kennedy),6ft4hAq6yde8jPZY2i5zLr,EDM,0.0689,0.632,167903,0.595,0,8,0.209,-7.644,0.0401,124.114,0,0.435
Becky Hill,Run,6oYXbji1rn7U6bFuNYekpQ,EDM,0.0313,0.601,188732,0.879,0,2,0.0793,-2.673,0.0353,124.013,0,0.589
David Guetta,Titanium (feat. Sia),2dOTkLZFbpNXrhc24CnTFd,EDM,0.0679,0.604,245040,0.787,0.15,0,0.127,-3.674,0.103,126.062,0,0.301
Mike Posner,I Took A Pill In Ibiza - Seeb Remix,0vbtURX4qv1l7besfwmnD8,EDM,0.0353,0.664,197933,0.714,8.42E-06,7,0.0843,-6.645,0.111,101.969,0,0.71
Swedish House Mafia,Don't You Worry Child - Radio Edit,2V65y3PX4DkRhy1djlxd9p,EDM,0.112,0.612,212862,0.84,0,11,0.116,-3.145,0.0509,129.042,0,0.438
David Guetta,Memories (feat. Kid Cudi),5xYC48nOppVemY6U5GRGTb,EDM,0.00144,0.546,210853,0.916,4.34E-06,8,0.251,-3.932,0.255,129.983,1,0.375
Calvin Harris,By Your Side (feat. Tom Grennan),0vR2rIVORmgeKiGIgNT0fV,EDM,0.0514,0.733,189672,0.96,0.00199,7,0.287,-3.597,0.0295,124.01,1,0.811
Avicii,Levels - Radio Edit,5UqCQaDshqbIk3pkhy4Pjg,EDM,0.0462,0.584,199907,0.889,0.828,1,0.309,-5.941,0.0343,126.04,0,0.464
The Chainsmokers,Closer,7BKLCZ1jbUBVqRi2FVlTVw,EDM,0.414,0.748,244960,0.524,0,8,0.111,-5.599,0.0338,95.01,1,0.661
The Chainsmokers,Something Just Like This,6RUKPb4LETWmmr3iAEQktW,EDM,0.0498,0.617,247160,0.635,1.44E-05,11,0.164,-6.769,0.0317,103.019,0,0.446
Mike Posner,Cooler Than Me - Single Mix,495O1Affo7AurEPQcvcr18,EDM,0.146,0.75,213293,0.818,0,7,0.686,-4.601,0.0551,129.963,0,0.652
Regard,Hallucination,7y3c1oJMY1CwwtOZ84Qovu,EDM,0.0121,0.687,174795,0.788,0,6,0.358,-5.142,0.0352,123.02,0,0.669
Marshmello,Leave Before You Love Me (with Jonas Brothers),4qu63nuBpdn0qHUHuObEj1,EDM,0.00226,0.721,154983,0.738,4.41E-06,7,0.118,-4.77,0.0403,119.976,1,0.637
Mac DeMarco,My Kind of Woman,6jgkEbmQ2F2onEqsEhiliL,EDM,0.00294,0.501,190846,0.765,0.49,6,0.184,-7.063,0.0281,91.771,0,0.46
Mabel,Don't Call Me Up,5WHTFyqSii0lmT9R21abT8,EDM,0.296,0.674,178480,0.881,3.01E-06,9,0.0793,-2.853,0.147,98.994,1,0.234
MEDUZA,Piece Of Your Heart,1DFD5Fotzgn6yYXkYsKiGs,EDM,0.0404,0.677,152913,0.744,0.00016,10,0.074,-6.806,0.0295,124.08,0,0.631
David Guetta,If You Really Love Me (How Will I Know),1V7bZ9gEIwFQpm8yGxRHNA,EDM,0.0512,0.692,184390,0.883,0,7,0.228,-4.698,0.0582,122.984,1,0.614
